id,name,abbreviation,city,region,type,rating,reviews,students,founded,image,description,phone,email,address,website,latitude,longitude,map_url,academic_programs
1,Mohammed V University in Rabat,UM5R,Rabat,Rabat-Salé-Kénitra,Public,,,,1957,https://images.unsplash.com/photo-1562774053-701939374585?auto=format&fit=crop&w=900&q=80,Public multidisciplinary university in Rabat.,,,"Rabat, Morocco",https://www.um5.ac.ma/,,,https://www.google.com/maps/search/?api=1&query=Universite+Mohammed+V+Rabat,Law; Economics; Management; Humanities; Social Sciences; Sciences; Engineering; Medicine; Pharmacy; Education; Doctoral studies
2,Hassan II University of Casablanca,UH2C,Casablanca,Casablanca-Settat,Public,,,,1975,https://images.unsplash.com/photo-1498243691581-b145c3f54a5a?auto=format&fit=crop&w=900&q=80,Public multidisciplinary university in Casablanca.,,,"Casablanca, Morocco",https://www.univh2c.ma/,,,https://www.google.com/maps/search/?api=1&query=Universite+Hassan+II+Casablanca,Sciences; Engineering; Medicine; Dentistry; Law; Economics; Management; Humanities; Languages; Social Sciences; Doctoral studies
3,Cadi Ayyad University,UCA,Marrakech,Marrakech-Safi,Public,,,,1978,https://images.unsplash.com/photo-1606761568499-6d2451b23c66?auto=format&fit=crop&w=900&q=80,Public university serving Marrakech-Safi.,,,"Marrakech, Morocco",https://www.uca.ma/,,,https://www.google.com/maps/search/?api=1&query=Cadi+Ayyad+University+Marrakech,Sciences; Technology; Engineering; Medicine; Pharmacy; Law; Economics; Management; Humanities; Languages; Education; Doctoral studies
4,Sidi Mohamed Ben Abdellah University,USMBA,Fès,Fès-Meknès,Public,,,,1975,https://images.unsplash.com/photo-1541339907198-e08756dedf3f?auto=format&fit=crop&w=900&q=80,Public multidisciplinary university based in Fès.,,,"Fès, Morocco",https://www.usmba.ac.ma/,,,https://www.google.com/maps/search/?api=1&query=Sidi+Mohamed+Ben+Abdellah+University+Fes,Sciences; Engineering; Medicine; Pharmacy; Law; Economics; Management; Humanities; Languages; Social Sciences; Doctoral studies
5,Mohammed First University,UMP,Oujda,Oriental,Public,,,,1978,https://images.unsplash.com/photo-1523050854058-8df90110c9f1?auto=format&fit=crop&w=900&q=80,Public university serving the Oriental region.,,,"Oujda, Morocco",https://www.ump.ma/,,,https://www.google.com/maps/search/?api=1&query=Mohammed+First+University+Oujda,Sciences; Engineering; Medicine; Law; Economics; Management; Humanities; Languages; Education; Technology; Doctoral studies
6,Ibn Tofail University,UIT,Kénitra,Rabat-Salé-Kénitra,Public,,,,1989,https://images.unsplash.com/photo-1523050854058-8df90110c9f1?auto=format&fit=crop&w=900&q=80,Public multidisciplinary university in Kénitra.,+212 5 37 32 92 00,contact@uit.ac.ma,"Kénitra, Morocco",https://www.uit.ac.ma/,,,https://www.google.com/maps/search/?api=1&query=Ibn+Tofail+University+Kenitra,Medicine; Pharmacy; Sciences; Humanities; Languages; Law; Economics; Management; Engineering; Computer Science; Technology; Education; Doctoral studies
7,Abdelmalek Essaadi University,UAE,Tétouan,Tanger-Tétouan-Al Hoceïma,Public,,,,1989,https://images.unsplash.com/photo-1564981797816-1043664bf78d?auto=format&fit=crop&w=900&q=80,Public university serving northern Morocco.,,,"Tétouan, Morocco",https://www.uae.ma/,,,https://www.google.com/maps/search/?api=1&query=Abdelmalek+Essaadi+University+Tetouan,Sciences; Engineering; Medicine; Law; Economics; Management; Humanities; Languages; Technology; Education; Doctoral studies
8,Moulay Ismail University,UMI,Meknès,Fès-Meknès,Public,,,,1989,https://images.unsplash.com/photo-1564981797816-1043664bf78d?auto=format&fit=crop&w=900&q=80,Public multidisciplinary university based in Meknès.,,,"Meknès, Morocco",https://www.umi.ac.ma/,,,https://www.google.com/maps/search/?api=1&query=Moulay+Ismail+University+Meknes,Sciences; Engineering; Law; Economics; Management; Humanities; Languages; Education; Technology; Doctoral studies
9,Sultan Moulay Slimane University,USMS,Béni Mellal,Béni Mellal-Khénifra,Public,,,,2007,https://images.unsplash.com/photo-1562774053-701939374585?auto=format&fit=crop&w=900&q=80,Public university serving Béni Mellal-Khénifra.,+212 523 48 02 18,contact@usms.ma,"Béni Mellal, Morocco",https://www.usms.ma/,,,https://www.google.com/maps/search/?api=1&query=Sultan+Moulay+Slimane+University+Beni+Mellal,Economics; Management; Humanities; Sciences; Law; Political Science; Applied Sciences; Technology; Education; Doctoral studies
10,Ibn Zohr University,UIZ,Agadir,Souss-Massa,Public,,,,1989,https://images.unsplash.com/photo-1498243691581-b145c3f54a5a?auto=format&fit=crop&w=900&q=80,Public multidisciplinary university serving Souss-Massa and surrounding regions.,,,"Agadir, Morocco",https://www.uiz.ac.ma/,,,https://www.google.com/maps/search/?api=1&query=Ibn+Zohr+University+Agadir,Sciences; Engineering; Medicine; Law; Economics; Management; Humanities; Languages; Education; Technology; Doctoral studies
11,Hassan I University,UH1,Settat,Casablanca-Settat,Public,,,,1997,https://images.unsplash.com/photo-1498243691581-b145c3f54a5a?auto=format&fit=crop&w=900&q=80,Public university based in Settat.,,,"Settat, Morocco",https://www.uh1.ac.ma/,,,https://www.google.com/maps/search/?api=1&query=Hassan+I+University+Settat,Sciences; Engineering; Law; Economics; Management; Humanities; Languages; Technology; Education; Doctoral studies
12,Chouaib Doukkali University,UCD,El Jadida,Casablanca-Settat,Public,,,,1985,https://images.unsplash.com/photo-1541339907198-e08756dedf3f?auto=format&fit=crop&w=900&q=80,Public university based in El Jadida.,+212 5 23 34 44 47,communication@ucd.ac.ma,"El Jadida, Morocco",https://www.ucd.ac.ma/,,,https://www.google.com/maps/search/?api=1&query=Chouaib+Doukkali+University+El+Jadida,Sciences; Engineering; Law; Economics; Management; Humanities; Languages; Computer Science; Education; Agriculture; Doctoral studies
13,International University of Casablanca,UIC,Casablanca,Casablanca-Settat,Private,,,,2010,https://images.unsplash.com/photo-1498243691581-b145c3f54a5a?auto=format&fit=crop&w=900&q=80,Private university in Casablanca.,,,"Casablanca, Morocco",https://www.uic.ac.ma/,,,https://www.google.com/maps/search/?api=1&query=International+University+of+Casablanca,Business; Management; Engineering; Computer Science; Health; Law; Architecture; Communication
14,Universiapolis - International University of Agadir,Universiapolis,Agadir,Souss-Massa,Private,,,,1989,https://images.unsplash.com/photo-1564981797816-1043664bf78d?auto=format&fit=crop&w=900&q=80,Private university in Agadir.,,,"Agadir, Morocco",https://universiapolis.ma/,,,https://www.google.com/maps/search/?api=1&query=Universiapolis+Agadir,Business; Management; Engineering; Computer Science; Tourism; Communication
15,Private University Marrakech Tensift El Haouz,UPM,Marrakech,Marrakech-Safi,Private,,,,2012,https://images.unsplash.com/photo-1606761568499-6d2451b23c66?auto=format&fit=crop&w=900&q=80,Private multidisciplinary university in Marrakech.,,,"Marrakech, Morocco",https://upm.ac.ma/,,,https://www.google.com/maps/search/?api=1&query=Universite+Privee+Marrakech+Tensift+El+Haouz,Management; Tourism; Hospitality; Engineering; Computer Science; Health; Architecture; Design
16,Mundiapolis University,Mundiapolis,Casablanca,Casablanca-Settat,Private,,,,2009,https://images.unsplash.com/photo-1498243691581-b145c3f54a5a?auto=format&fit=crop&w=900&q=80,Private university in Casablanca.,,,"Casablanca, Morocco",https://www.mundiapolis.ma/,,,https://www.google.com/maps/search/?api=1&query=Mundiapolis+University+Casablanca,Business; Engineering; Computer Science; Law; Health; Management; International Relations
17,Private University of Fès,UPF,Fès,Fès-Meknès,Private,,,,2006,https://images.unsplash.com/photo-1541339907198-e08756dedf3f?auto=format&fit=crop&w=900&q=80,Private university in Fès.,,,"Fès, Morocco",https://upf.ac.ma/,,,https://www.google.com/maps/search/?api=1&query=Private+University+of+Fes,Management; Engineering; Computer Science; Law; Economics; Health; Humanities
18,International University of Rabat,UIR,Rabat,Rabat-Salé-Kénitra,Partnership with State,,,,2010,https://images.unsplash.com/photo-1562774053-701939374585?auto=format&fit=crop&w=900&q=80,University created under a partnership with the Moroccan State.,,,"Rabat, Morocco",https://www.uir.ac.ma/,,,https://www.google.com/maps/search/?api=1&query=International+University+of+Rabat,Engineering; Aerospace; Computer Science; Architecture; Business; Management; Political Science; Law; Health
19,Mohammed VI Polytechnic University,UM6P,Ben Guerir,Marrakech-Safi,Partnership with State,,,,2017,https://images.unsplash.com/photo-1562774053-701939374585?auto=format&fit=crop&w=900&q=80,Research-oriented university in Ben Guerir with multidisciplinary schools.,,,"Ben Guerir, Morocco",https://www.um6p.ma/,,,https://www.google.com/maps/search/?api=1&query=Mohammed+VI+Polytechnic+University+Ben+Guerir,Engineering; Computer Science; Data Science; Agriculture; Mining; Energy; Management; Economics; Architecture; Health
20,Mohammed VI University of Health Sciences,UM6SS,Casablanca,Casablanca-Settat,Partnership with State,,,,2014,https://images.unsplash.com/photo-1576091160399-112ba8d25d1d?auto=format&fit=crop&w=900&q=80,Health sciences university in Casablanca.,,,"Casablanca, Morocco",https://um6ss.ma/,,,https://www.google.com/maps/search/?api=1&query=Mohammed+VI+University+of+Health+Sciences+Casablanca,Medicine; Dentistry; Pharmacy; Nursing; Public Health; Biosciences; Health Engineering; Veterinary Medicine
21,Abulcasis International University of Health Sciences,UIASS,Rabat,Rabat-Salé-Kénitra,Partnership with State,,,,2014,https://images.unsplash.com/photo-1576091160399-112ba8d25d1d?auto=format&fit=crop&w=900&q=80,Health sciences university in Rabat.,,,"Rabat, Morocco",https://www.uiass.ma/,,,https://www.google.com/maps/search/?api=1&query=Abulcasis+International+University+Rabat,Medicine; Dentistry; Pharmacy; Nursing; Health Sciences; Engineering; Veterinary Medicine; Psychology
22,Euro-Mediterranean University of Fès,UEMF,Fès,Fès-Meknès,Partnership with State,,,,2012,https://images.unsplash.com/photo-1541339907198-e08756dedf3f?auto=format&fit=crop&w=900&q=80,Euro-Mediterranean university in Fès.,,,"Fès, Morocco",https://www.ueuromed.org/,,,https://www.google.com/maps/search/?api=1&query=Euro-Mediterranean+University+of+Fes,Engineering; Digital Technologies; Architecture; Renewable Energy; Business; Political Science; Humanities; Health
23,Al Akhawayn University in Ifrane,AUI,Ifrane,Fès-Meknès,Private,,,,1995,https://images.unsplash.com/photo-1607237138185-eedd9c632b0b?auto=format&fit=crop&w=900&q=80,"Independent, English-language university in Ifrane.",,,"Ifrane, Morocco",https://aui.ma/,,,https://www.google.com/maps/search/?api=1&query=Al+Akhawayn+University+Ifrane,Business Administration; Engineering; Computer Science; Social Sciences; Humanities; International Studies; Communication
