id,name,industry,type,city,rating,reviews,founded,employees,description,website,phone,address,services
1,Maroc Telecom,Telecommunications,Public Company,Rabat,4.4,520,1998,"10,000+","A leading telecommunications company providing mobile, internet and digital services across Morocco.",https://www.iam.ma,,,
2,OCP Group,Mining & Chemicals,Public Company,Casablanca,4.6,680,1920,"20,000+",A global leader in phosphate-based products and one of Morocco's largest industrial companies.,https://www.ocpgroup.ma,,,
3,Attijariwafa Bank,Banking & Finance,Private Company,Casablanca,4.3,410,2004,"20,000+","A major Moroccan banking and financial group serving individuals, businesses and institutions.",https://www.attijariwafabank.com,,,
4,Capgemini Morocco,Technology & Consulting,Private Company,Casablanca,4.5,290,1967,"5,000+",A technology and consulting company delivering digital transformation and technology services.,https://www.capgemini.com,,,
5,Royal Air Maroc,Transportation & Aviation,Public Company,Casablanca,4.2,760,1957,"10,000+",Morocco's national airline connecting the country with destinations across Africa and the world.,https://www.royalairmaroc.com,,,
6,Saham Group,Investment,Private Company,Casablanca,4.1,180,1995,"1,000+","An investment group active across multiple sectors including finance, healthcare and industry.",https://www.saham.com,,,
7,Bank of Africa,Banking & Finance,Public Company,Casablanca,4.3,390,1959,"15,000+","A major Moroccan banking group offering commercial banking, investment banking and financial services.",https://www.bankofafrica.ma,,,
8,CIH Bank,Banking & Finance,Public Company,Casablanca,4.2,340,1920,"3,000+","A Moroccan banking institution providing retail, corporate and digital banking services.",https://www.cihbank.ma,,,
9,BMCI,Banking & Finance,Public Company,Casablanca,4.1,270,1943,"3,000+","A Moroccan bank providing retail, professional and corporate financial services.",https://www.bmci.ma,,,
10,Wafa Assurance,Insurance,Public Company,Casablanca,4.2,240,1972,"3,000+","A major Moroccan insurance company offering protection, savings and financial solutions.",https://www.wafaassurance.ma,,,
11,Managem Group,Mining,Public Company,Casablanca,4.4,310,1930,"5,000+","A Moroccan mining group active in the exploration, extraction and processing of mineral resources.",https://www.managemgroup.com,,,
12,Akwa Group,Energy & Distribution,Private Company,Casablanca,4.2,220,1932,"5,000+","A diversified Moroccan group active in energy, petroleum distribution and related industries.",https://www.akwagroup.com,,,
13,Afriquia,Energy,Private Company,Casablanca,4.3,350,1959,"3,000+",A leading Moroccan energy company operating fuel stations and petroleum distribution networks.,https://www.afriquia.ma,,,
14,Marjane Group,Retail,Private Company,Rabat,4.3,580,1990,"10,000+","A major Moroccan retail group operating hypermarkets, supermarkets and specialized retail brands.",https://www.marjane.ma,,,
15,LabelVie Group,Retail & Distribution,Public Company,Skhirat,4.2,430,1985,"9,000+",A Moroccan retail group operating multiple supermarket and hypermarket formats across the country.,https://labelvie.ma,,,
16,Disway,Technology Distribution,Public Company,Casablanca,4.1,190,1982,500+,"A Moroccan technology distributor specializing in IT products, infrastructure and digital solutions.",https://www.disway.com,,,
17,Intelcia,Business Services,Private Company,Casablanca,4.2,360,2000,"40,000+",A customer experience and outsourcing company providing multilingual business services internationally.,https://www.intelcia.com,,,
18,Majorel Morocco,Business Services,Private Company,Casablanca,4.1,280,1997,"5,000+",A customer experience company providing customer support and business process services.,https://www.majorel.com,,,
19,TGCC,Construction,Public Company,Casablanca,4.4,310,1991,"5,000+",A major construction and public works company involved in large-scale building and infrastructure projects.,https://tgcc.ma,,,
20,Jet Contractors,Construction & Engineering,Public Company,Skhirat,4.3,230,1992,"1,500+","A Moroccan general contractor specializing in construction, engineering, building envelopes and solar EPC.",https://www.jet-contractors.com,,,
21,Alliances Group,Real Estate & Construction,Public Company,Casablanca,4.0,210,1994,"1,000+",A Moroccan real estate and construction group involved in residential and property development.,https://www.alliances.co.ma,,,
22,Addoha Group,Real Estate,Public Company,Rabat,4.0,340,1988,"1,000+",A Moroccan real estate developer involved in residential and housing projects.,https://www.groupeaddoha.com,,,
23,Auto Hall,Automotive,Public Company,Casablanca,4.2,260,1920,"2,000+","A Moroccan automotive group involved in vehicle distribution, dealerships and related services.",https://www.autohall.ma,,,
24,Renault Maroc,Automotive,Private Company,Casablanca,4.4,420,1928,"10,000+","The Moroccan automotive operation of Renault, supporting vehicle manufacturing, sales and distribution.",https://www.renault.ma,,,
25,Stellantis Morocco,Automotive Manufacturing,Private Company,Kenitra,4.5,310,2021,"3,000+",An automotive manufacturing operation in Morocco producing vehicles and components for international markets.,https://www.stellantis.com,,,
26,Lear Corporation Morocco,Automotive Manufacturing,Private Company,Kenitra,4.2,170,1917,"5,000+",An automotive technology company supplying seating and electrical systems to vehicle manufacturers.,https://www.lear.com,,,
27,Leoni Morocco,Automotive Technology,Private Company,Bouskoura,4.2,190,1917,"10,000+",A global supplier of automotive wiring systems and electrical components with manufacturing operations in Morocco.,https://www.leoni.com,,,
28,Safran Morocco,Aerospace,Private Company,Casablanca,4.5,250,2001,"3,000+","An aerospace company with Moroccan operations supporting aircraft equipment, engines and aerospace manufacturing.",https://www.safran-group.com,,,
29,STMicroelectronics Morocco,Electronics & Technology,Private Company,Casablanca,4.4,160,1987,"1,000+",A global semiconductor company with engineering and technology activities in Morocco.,https://www.st.com,,,
30,IBM Morocco,Technology & Consulting,Private Company,Casablanca,4.4,300,1911,"1,000+","A global technology company providing cloud, artificial intelligence, consulting and enterprise technology solutions.",https://www.ibm.com,,,
31,Oracle Morocco,Technology,Private Company,Casablanca,4.3,210,1977,500+,"A global technology company providing cloud infrastructure, databases and enterprise software solutions.",https://www.oracle.com,,,
32,Inetum Morocco,IT Services,Private Company,Casablanca,4.2,220,1999,"1,000+","An IT services company delivering digital transformation, software and technology consulting services.",https://www.inetum.com,,,
33,Atos Morocco,Technology & Consulting,Private Company,Casablanca,4.1,240,1997,"1,000+","A technology company providing digital transformation, cybersecurity, cloud and IT services.",https://atos.net,,,
34,CGI Morocco,IT Services & Consulting,Private Company,Casablanca,4.3,230,1976,"2,000+",An IT and business consulting company providing technology services to organizations worldwide.,https://www.cgi.com,,,
35,PwC Morocco,Professional Services,Private Company,Casablanca,4.3,180,1998,500+,"A professional services firm providing audit, tax, consulting and advisory services.",https://www.pwc.com/ma,,,
36,Deloitte Morocco,Professional Services,Private Company,Casablanca,4.4,190,1845,500+,"A professional services organization providing audit, consulting, tax and financial advisory services.",https://www.deloitte.com,,,
37,EY Morocco,Professional Services,Private Company,Casablanca,4.3,175,1989,500+,"A professional services organization providing assurance, consulting, strategy and tax services.",https://www.ey.com,,,
38,LafargeHolcim Maroc,Building Materials,Public Company,Casablanca,4.2,240,1976,"3,000+",A major building materials company producing cement and construction solutions for the Moroccan market.,https://www.lafargeholcim.ma,,,
39,Lesieur Cristal,Food & Consumer Goods,Public Company,Casablanca,4.2,290,1941,"2,000+","A Moroccan food company producing edible oils, soaps and other consumer products.",https://www.lesieur-cristal.ma,,,
40,Centrale Danone Maroc,Food & Dairy,Public Company,Casablanca,4.1,320,1940,"3,000+","A Moroccan dairy and food company producing and distributing milk, yogurt and other food products.",https://www.danone.ma,,,
41,Ciments du Maroc,Building Materials,Public Company,Casablanca,4.2,180,1951,"1,000+",A major Moroccan cement producer supplying construction and infrastructure projects.,https://www.cimentsdumaroc.com,,,
42,Nareva,Energy,Private Company,Casablanca,4.3,210,2009,"1,000+","A Moroccan energy company active in renewable energy, electricity generation and water infrastructure.",https://www.nareva.ma,,,
43,Masen,Renewable Energy,Public Company,Rabat,4.5,260,2010,500+,"Morocco's renewable energy agency developing and managing major solar, wind and hydroelectric projects.",https://www.masen.ma,,,
44,ONCF,Rail Transportation,Public Company,Rabat,4.3,620,1963,"10,000+",Morocco's national railway operator managing passenger and freight rail transportation.,https://www.oncf.ma,,,
45,CTM,Transportation,Public Company,Casablanca,4.1,410,1919,"2,000+",A Moroccan transportation company providing intercity bus and logistics services.,https://www.ctm.ma,,,
